--------------------------------------------------------
--  File created - szerda-április-23-2025   
--------------------------------------------------------
--------------------------------------------------------
--  DDL for Table ALMUFAJ
--------------------------------------------------------

  CREATE TABLE "ALMUFAJ" 
   (	"ID" NUMBER GENERATED BY DEFAULT ON NULL AS IDENTITY MINVALUE 1 MAXVALUE 9999999999999999999999999999 INCREMENT BY 1 START WITH 1 CACHE 20 NOORDER  NOCYCLE  NOKEEP  NOSCALE , 
	"ALMUFAJ_NEV" VARCHAR2(50 BYTE)
   ) SEGMENT CREATION IMMEDIATE 
  PCTFREE 10 PCTUSED 40 INITRANS 1 MAXTRANS 255 
 NOCOMPRESS LOGGING
  STORAGE(INITIAL 65536 NEXT 1048576 MINEXTENTS 1 MAXEXTENTS 2147483645
  PCTINCREASE 0 FREELISTS 1 FREELIST GROUPS 1
  BUFFER_POOL DEFAULT FLASH_CACHE DEFAULT CELL_FLASH_CACHE DEFAULT)
  TABLESPACE "USERS" ;
--------------------------------------------------------
--  DDL for Table ALMUFAJA
--------------------------------------------------------

  CREATE TABLE "ALMUFAJA" 
   (	"ISBN" VARCHAR2(17 BYTE), 
	"ID" NUMBER(3,0)
   ) SEGMENT CREATION IMMEDIATE 
  PCTFREE 10 PCTUSED 40 INITRANS 1 MAXTRANS 255 
 NOCOMPRESS LOGGING
  STORAGE(INITIAL 65536 NEXT 1048576 MINEXTENTS 1 MAXEXTENTS 2147483645
  PCTINCREASE 0 FREELISTS 1 FREELIST GROUPS 1
  BUFFER_POOL DEFAULT FLASH_CACHE DEFAULT CELL_FLASH_CACHE DEFAULT)
  TABLESPACE "USERS" ;
--------------------------------------------------------
--  DDL for Table ARUHAZ
--------------------------------------------------------

  CREATE TABLE "ARUHAZ" 
   (	"ID" NUMBER GENERATED BY DEFAULT ON NULL AS IDENTITY MINVALUE 1 MAXVALUE 9999999999999999999999999999 INCREMENT BY 1 START WITH 1 CACHE 20 NOORDER  NOCYCLE  NOKEEP  NOSCALE , 
	"CIM" VARCHAR2(255 BYTE), 
	"EMAIL" VARCHAR2(320 BYTE), 
	"TELEFON" VARCHAR2(20 BYTE), 
	"FELHASZNALO" VARCHAR2(50 BYTE)
   ) SEGMENT CREATION IMMEDIATE 
  PCTFREE 10 PCTUSED 40 INITRANS 1 MAXTRANS 255 
 NOCOMPRESS LOGGING
  STORAGE(INITIAL 65536 NEXT 1048576 MINEXTENTS 1 MAXEXTENTS 2147483645
  PCTINCREASE 0 FREELISTS 1 FREELIST GROUPS 1
  BUFFER_POOL DEFAULT FLASH_CACHE DEFAULT CELL_FLASH_CACHE DEFAULT)
  TABLESPACE "USERS" ;
--------------------------------------------------------
--  DDL for Table FELHASZNALO
--------------------------------------------------------

  CREATE TABLE "FELHASZNALO" 
   (	"FELHASZNALONEV" VARCHAR2(50 BYTE), 
	"EMAIL" VARCHAR2(320 BYTE), 
	"NEV" VARCHAR2(100 BYTE), 
	"SZEREPKOR" VARCHAR2(20 BYTE), 
	"LAKCIM" VARCHAR2(255 BYTE), 
	"TELEFON" VARCHAR2(20 BYTE), 
	"JELSZO" VARCHAR2(255 BYTE), 
	"TORZSVASARLO" CHAR(1 BYTE)
   ) SEGMENT CREATION IMMEDIATE 
  PCTFREE 10 PCTUSED 40 INITRANS 1 MAXTRANS 255 
 NOCOMPRESS LOGGING
  STORAGE(INITIAL 65536 NEXT 1048576 MINEXTENTS 1 MAXEXTENTS 2147483645
  PCTINCREASE 0 FREELISTS 1 FREELIST GROUPS 1
  BUFFER_POOL DEFAULT FLASH_CACHE DEFAULT CELL_FLASH_CACHE DEFAULT)
  TABLESPACE "USERS" ;
--------------------------------------------------------
--  DDL for Table KIADO
--------------------------------------------------------

  CREATE TABLE "KIADO" 
   (	"ADOSZAM" NUMBER(13,0), 
	"NEV" VARCHAR2(100 BYTE), 
	"SZEKHELY" VARCHAR2(255 BYTE)
   ) SEGMENT CREATION IMMEDIATE 
  PCTFREE 10 PCTUSED 40 INITRANS 1 MAXTRANS 255 
 NOCOMPRESS LOGGING
  STORAGE(INITIAL 65536 NEXT 1048576 MINEXTENTS 1 MAXEXTENTS 2147483645
  PCTINCREASE 0 FREELISTS 1 FREELIST GROUPS 1
  BUFFER_POOL DEFAULT FLASH_CACHE DEFAULT CELL_FLASH_CACHE DEFAULT)
  TABLESPACE "USERS" ;
--------------------------------------------------------
--  DDL for Table KONYV
--------------------------------------------------------

  CREATE TABLE "KONYV" 
   (	"ISBN" VARCHAR2(17 BYTE), 
	"KIADAS" DATE, 
	"CIM" VARCHAR2(255 BYTE), 
	"OLDALAK_SZAMA" NUMBER(5,0), 
	"AR" NUMBER(10,0), 
	"ADOSZAM" NUMBER(13,0), 
	"ID" NUMBER(5,0)
   ) SEGMENT CREATION IMMEDIATE 
  PCTFREE 10 PCTUSED 40 INITRANS 1 MAXTRANS 255 
 NOCOMPRESS LOGGING
  STORAGE(INITIAL 65536 NEXT 1048576 MINEXTENTS 1 MAXEXTENTS 2147483645
  PCTINCREASE 0 FREELISTS 1 FREELIST GROUPS 1
  BUFFER_POOL DEFAULT FLASH_CACHE DEFAULT CELL_FLASH_CACHE DEFAULT)
  TABLESPACE "USERS" ;
--------------------------------------------------------
--  DDL for Table MUFAJ
--------------------------------------------------------

  CREATE TABLE "MUFAJ" 
   (	"ID" NUMBER GENERATED BY DEFAULT ON NULL AS IDENTITY MINVALUE 1 MAXVALUE 9999999999999999999999999999 INCREMENT BY 1 START WITH 1 CACHE 20 NOORDER  NOCYCLE  NOKEEP  NOSCALE , 
	"MUFAJ_NEV" VARCHAR2(50 BYTE)
   ) SEGMENT CREATION IMMEDIATE 
  PCTFREE 10 PCTUSED 40 INITRANS 1 MAXTRANS 255 
 NOCOMPRESS LOGGING
  STORAGE(INITIAL 65536 NEXT 1048576 MINEXTENTS 1 MAXEXTENTS 2147483645
  PCTINCREASE 0 FREELISTS 1 FREELIST GROUPS 1
  BUFFER_POOL DEFAULT FLASH_CACHE DEFAULT CELL_FLASH_CACHE DEFAULT)
  TABLESPACE "USERS" ;
--------------------------------------------------------
--  DDL for Table SZEREZ
--------------------------------------------------------

  CREATE TABLE "SZEREZ" 
   (	"ISBN" VARCHAR2(17 BYTE), 
	"ID" NUMBER
   ) SEGMENT CREATION IMMEDIATE 
  PCTFREE 10 PCTUSED 40 INITRANS 1 MAXTRANS 255 
 NOCOMPRESS LOGGING
  STORAGE(INITIAL 65536 NEXT 1048576 MINEXTENTS 1 MAXEXTENTS 2147483645
  PCTINCREASE 0 FREELISTS 1 FREELIST GROUPS 1
  BUFFER_POOL DEFAULT FLASH_CACHE DEFAULT CELL_FLASH_CACHE DEFAULT)
  TABLESPACE "USERS" ;
--------------------------------------------------------
--  DDL for Table SZERZO
--------------------------------------------------------

  CREATE TABLE "SZERZO" 
   (	"ID" NUMBER GENERATED BY DEFAULT ON NULL AS IDENTITY MINVALUE 1 MAXVALUE 9999999999999999999999999999 INCREMENT BY 1 START WITH 1 CACHE 20 NOORDER  NOCYCLE  NOKEEP  NOSCALE , 
	"NEV" VARCHAR2(100 BYTE)
   ) SEGMENT CREATION IMMEDIATE 
  PCTFREE 10 PCTUSED 40 INITRANS 1 MAXTRANS 255 
 NOCOMPRESS LOGGING
  STORAGE(INITIAL 65536 NEXT 1048576 MINEXTENTS 1 MAXEXTENTS 2147483645
  PCTINCREASE 0 FREELISTS 1 FREELIST GROUPS 1
  BUFFER_POOL DEFAULT FLASH_CACHE DEFAULT CELL_FLASH_CACHE DEFAULT)
  TABLESPACE "USERS" ;
--------------------------------------------------------
--  DDL for Table VAN
--------------------------------------------------------

  CREATE TABLE "VAN" 
   (	"ISBN" VARCHAR2(17 BYTE), 
	"ID" NUMBER, 
	"KESZLET" NUMBER(5,0)
   ) SEGMENT CREATION IMMEDIATE 
  PCTFREE 10 PCTUSED 40 INITRANS 1 MAXTRANS 255 
 NOCOMPRESS LOGGING
  STORAGE(INITIAL 65536 NEXT 1048576 MINEXTENTS 1 MAXEXTENTS 2147483645
  PCTINCREASE 0 FREELISTS 1 FREELIST GROUPS 1
  BUFFER_POOL DEFAULT FLASH_CACHE DEFAULT CELL_FLASH_CACHE DEFAULT)
  TABLESPACE "USERS" ;
--------------------------------------------------------
--  DDL for Table VASARLAS
--------------------------------------------------------

  CREATE TABLE "VASARLAS" 
   (	"ID" NUMBER GENERATED BY DEFAULT ON NULL AS IDENTITY MINVALUE 1 MAXVALUE 9999999999999999999999999999 INCREMENT BY 1 START WITH 1 CACHE 20 NOORDER  NOCYCLE  NOKEEP  NOSCALE , 
	"DATUM" DATE, 
	"OSSZEG" NUMBER(10,2), 
	"SZALLITASI_CIM" VARCHAR2(255 BYTE), 
	"FELHASZNALO" VARCHAR2(50 BYTE)
   ) SEGMENT CREATION IMMEDIATE 
  PCTFREE 10 PCTUSED 40 INITRANS 1 MAXTRANS 255 
 NOCOMPRESS LOGGING
  STORAGE(INITIAL 65536 NEXT 1048576 MINEXTENTS 1 MAXEXTENTS 2147483645
  PCTINCREASE 0 FREELISTS 1 FREELIST GROUPS 1
  BUFFER_POOL DEFAULT FLASH_CACHE DEFAULT CELL_FLASH_CACHE DEFAULT)
  TABLESPACE "USERS" ;
--------------------------------------------------------
--  DDL for Table VASAROL
--------------------------------------------------------

  CREATE TABLE "VASAROL" 
   (	"ID" NUMBER, 
	"ISBN" VARCHAR2(17 BYTE)
   ) SEGMENT CREATION IMMEDIATE 
  PCTFREE 10 PCTUSED 40 INITRANS 1 MAXTRANS 255 
 NOCOMPRESS LOGGING
  STORAGE(INITIAL 65536 NEXT 1048576 MINEXTENTS 1 MAXEXTENTS 2147483645
  PCTINCREASE 0 FREELISTS 1 FREELIST GROUPS 1
  BUFFER_POOL DEFAULT FLASH_CACHE DEFAULT CELL_FLASH_CACHE DEFAULT)
  TABLESPACE "USERS" ;
REM INSERTING into ALMUFAJ
SET DEFINE OFF;
Insert into ALMUFAJ (ID,ALMUFAJ_NEV) values ('1','Romantikus');
Insert into ALMUFAJ (ID,ALMUFAJ_NEV) values ('2','Krimi');
Insert into ALMUFAJ (ID,ALMUFAJ_NEV) values ('3','Horror');
Insert into ALMUFAJ (ID,ALMUFAJ_NEV) values ('4','Sci-fi');
Insert into ALMUFAJ (ID,ALMUFAJ_NEV) values ('5','Történelmi');
Insert into ALMUFAJ (ID,ALMUFAJ_NEV) values ('6','Fantasy');
Insert into ALMUFAJ (ID,ALMUFAJ_NEV) values ('7','Filozofikus');
REM INSERTING into ALMUFAJA
SET DEFINE OFF;
Insert into ALMUFAJA (ISBN,ID) values ('1122334455','2');
Insert into ALMUFAJA (ISBN,ID) values ('1122334455','3');
Insert into ALMUFAJA (ISBN,ID) values ('345678912','4');
Insert into ALMUFAJA (ISBN,ID) values ('54321987619','2');
Insert into ALMUFAJA (ISBN,ID) values ('54321987619','3');
Insert into ALMUFAJA (ISBN,ID) values ('54321987619','4');
Insert into ALMUFAJA (ISBN,ID) values ('731299777','3');
Insert into ALMUFAJA (ISBN,ID) values ('978-963-136-616-6','5');
Insert into ALMUFAJA (ISBN,ID) values ('978-963-405-987-6','7');
Insert into ALMUFAJA (ISBN,ID) values ('978-963-419-865-5','4');
Insert into ALMUFAJA (ISBN,ID) values ('978-963-504-391-6','2');
Insert into ALMUFAJA (ISBN,ID) values ('978-963-999-882-4','6');
Insert into ALMUFAJA (ISBN,ID) values ('9789635983391','6');
Insert into ALMUFAJA (ISBN,ID) values ('98765432123','7');
Insert into ALMUFAJA (ISBN,ID) values ('987654321234','7');
REM INSERTING into ARUHAZ
SET DEFINE OFF;
Insert into ARUHAZ (ID,CIM,EMAIL,TELEFON,FELHASZNALO) values ('41','6722 Szeged, Mars tér 4.','valamiemail@gmail.com','06301233534','peterhorvath');
Insert into ARUHAZ (ID,CIM,EMAIL,TELEFON,FELHASZNALO) values ('1','1051 Budapest, Deák Ferenc tér 1.','aruhaz1@example.com','0612345678','janoskovacs');
Insert into ARUHAZ (ID,CIM,EMAIL,TELEFON,FELHASZNALO) values ('2','1051 Budapest, Deák Ferenc tér 1.','aruhaz1@example.com','0612345678','janoskovacs');
Insert into ARUHAZ (ID,CIM,EMAIL,TELEFON,FELHASZNALO) values ('3','1065 Budapest, Andrássy út 2.','aruhaz2@example.com','0618765432','mariaszabo');
Insert into ARUHAZ (ID,CIM,EMAIL,TELEFON,FELHASZNALO) values ('4','1077 Budapest, Rákóczi út 3.','aruhaz3@example.com','0615678901','peterhorvath');
Insert into ARUHAZ (ID,CIM,EMAIL,TELEFON,FELHASZNALO) values ('5','1082 Budapest, Orczy tér 4.','aruhaz4@example.com','0612349898','gaborkiss');
Insert into ARUHAZ (ID,CIM,EMAIL,TELEFON,FELHASZNALO) values ('6','1093 Budapest, Corvin sétány 8.','ARUHAZ5@example.com','0619876543','annafarkas');
Insert into ARUHAZ (ID,CIM,EMAIL,TELEFON,FELHASZNALO) values ('22','6722 Szeged, Mars tér 1.','elsoaruhaz@gmail.com','06301234567','janoskovacs');
REM INSERTING into FELHASZNALO
SET DEFINE OFF;
Insert into FELHASZNALO (FELHASZNALONEV,EMAIL,NEV,SZEREPKOR,LAKCIM,TELEFON,JELSZO,TORZSVASARLO) values ('janoskovacs','janos.kovacs@example.com','Kovács János','felhasznalo','1234 Budapest, Kossuth utca 10.','06201234567','jelszo123','I');
Insert into FELHASZNALO (FELHASZNALONEV,EMAIL,NEV,SZEREPKOR,LAKCIM,TELEFON,JELSZO,TORZSVASARLO) values ('mariaszabo','maria.szabo@example.com','Szabó Mária','admin','1235 Budapest, Petőfi utca 5.','06207654321','biztonsagos','N');
Insert into FELHASZNALO (FELHASZNALONEV,EMAIL,NEV,SZEREPKOR,LAKCIM,TELEFON,JELSZO,TORZSVASARLO) values ('peterhorvath','peter.horvath@example.com','Horváth Péter','uzletvezeto','1111 Budapest, Duna utca 3.','06209876543','titkos123','I');
Insert into FELHASZNALO (FELHASZNALONEV,EMAIL,NEV,SZEREPKOR,LAKCIM,TELEFON,JELSZO,TORZSVASARLO) values ('gaborkiss','gabor.kiss@example.com','Kiss Gábor','admin','1088 Budapest, Nagykörút 1.','06301234567','erospass99','I');
Insert into FELHASZNALO (FELHASZNALONEV,EMAIL,NEV,SZEREPKOR,LAKCIM,TELEFON,JELSZO,TORZSVASARLO) values ('annafarkas','anna.farkas@example.com','Farkas Anna','felhasznalo','1094 Budapest, Fő tér 5.','06309876123','anna2024','N');
Insert into FELHASZNALO (FELHASZNALONEV,EMAIL,NEV,SZEREPKOR,LAKCIM,TELEFON,JELSZO,TORZSVASARLO) values ('test','test@test','test','felhasznalo','test','06700000000','$2y$10$RtI8aaNJv4GfEqI1HxSm..rIuC7WPbBytgpbBO0oWFv388wYAx3vG','N');
REM INSERTING into KIADO
SET DEFINE OFF;
Insert into KIADO (ADOSZAM,NEV,SZEKHELY) values ('1000000000001','Libri Kiadó','Budapest, Andrássy út 1.');
Insert into KIADO (ADOSZAM,NEV,SZEKHELY) values ('1000000000002','Európa Könyvkiadó','Budapest, Rákóczi út 12.');
Insert into KIADO (ADOSZAM,NEV,SZEKHELY) values ('1000000000003','Agave Könyvek','Budapest, Kálvin tér 3.');
Insert into KIADO (ADOSZAM,NEV,SZEKHELY) values ('1000000000004','Helikon Kiadó','Budapest, Bartók Béla út 10.');
Insert into KIADO (ADOSZAM,NEV,SZEKHELY) values ('1000000000005','Alexandra Kiadó','Pécs, Király utca 5.');
Insert into KIADO (ADOSZAM,NEV,SZEKHELY) values ('1000000000008','JoKIS Könyvkiadó','1094 Budapest, Ferenc korut 17');
REM INSERTING into KONYV
SET DEFINE OFF;
Insert into KONYV (ISBN,KIADAS,CIM,OLDALAK_SZAMA,AR,ADOSZAM,ID) values ('987654321234',to_date('24-NOV.  -11','RR-MON-DD'),'TESZTLEGUJABB','250','2000','1000000000002','3');
Insert into KONYV (ISBN,KIADAS,CIM,OLDALAK_SZAMA,AR,ADOSZAM,ID) values ('98765432123',to_date('24-NOV.  -11','RR-MON-DD'),'TesztLEgujabb','100','2379','1000000000002','3');
Insert into KONYV (ISBN,KIADAS,CIM,OLDALAK_SZAMA,AR,ADOSZAM,ID) values ('9789635983391',to_date('25-ÁPR.  -20','RR-MON-DD'),'Az aratás hajnala','397','6514','1000000000004',null);
Insert into KONYV (ISBN,KIADAS,CIM,OLDALAK_SZAMA,AR,ADOSZAM,ID) values ('1122334455',to_date('23-DEC.  -12','RR-MON-DD'),'Képpng','200','20000','1000000000004','6');
Insert into KONYV (ISBN,KIADAS,CIM,OLDALAK_SZAMA,AR,ADOSZAM,ID) values ('54321987619',to_date('10-OKT.  -10','RR-MON-DD'),'TesztekCucc','300','7899','1000000000003','4');
Insert into KONYV (ISBN,KIADAS,CIM,OLDALAK_SZAMA,AR,ADOSZAM,ID) values ('345678912',to_date('03-MÁJ.  -10','RR-MON-DD'),'Kepesteszt','2000','20000','1000000000004','2');
Insert into KONYV (ISBN,KIADAS,CIM,OLDALAK_SZAMA,AR,ADOSZAM,ID) values ('978-963-419-865-5',to_date('20-MÁJ.  -14','RR-MON-DD'),'Alapítvány','320','4500','1000000000001',null);
Insert into KONYV (ISBN,KIADAS,CIM,OLDALAK_SZAMA,AR,ADOSZAM,ID) values ('978-963-999-882-4',to_date('54-JÚL.  -29','RR-MON-DD'),'A Gyűrűk Ura','1216','9900','1000000000002',null);
Insert into KONYV (ISBN,KIADAS,CIM,OLDALAK_SZAMA,AR,ADOSZAM,ID) values ('978-963-504-391-6',to_date('34-JAN.  -01','RR-MON-DD'),'Gyilkosság az Orient expresszen','288','3990','1000000000003',null);
Insert into KONYV (ISBN,KIADAS,CIM,OLDALAK_SZAMA,AR,ADOSZAM,ID) values ('978-963-136-616-6',to_date('14-SZEPT.-04','RR-MON-DD'),'Sapiens','498','5500','1000000000004','6');
Insert into KONYV (ISBN,KIADAS,CIM,OLDALAK_SZAMA,AR,ADOSZAM,ID) values ('978-963-405-987-6',to_date('84-ÁPR.  -01','RR-MON-DD'),'A lét elviselhetetlen könnyűsége','314','4200','1000000000005',null);
Insert into KONYV (ISBN,KIADAS,CIM,OLDALAK_SZAMA,AR,ADOSZAM,ID) values ('731299777',to_date('20-MÁRC. -10','RR-MON-DD'),'Kepes2','200','2000','1000000000004','2');
Insert into KONYV (ISBN,KIADAS,CIM,OLDALAK_SZAMA,AR,ADOSZAM,ID) values ('9786150196343',to_date('24-JÚN.  -10','RR-MON-DD'),'Prédák háza','353','3913','1000000000001',null);
Insert into KONYV (ISBN,KIADAS,CIM,OLDALAK_SZAMA,AR,ADOSZAM,ID) values ('987654321',to_date('24-NOV.  -11','RR-MON-DD'),'TesztLEgujabb','100','2379','1000000000002','3');
Insert into KONYV (ISBN,KIADAS,CIM,OLDALAK_SZAMA,AR,ADOSZAM,ID) values ('9786155385674',to_date('02-FEBR. -20','RR-MON-DD'),'Egri csillagok','303','2500','1000000000004',null);
REM INSERTING into MUFAJ
SET DEFINE OFF;
Insert into MUFAJ (ID,MUFAJ_NEV) values ('41','Regény');
Insert into MUFAJ (ID,MUFAJ_NEV) values ('2','Verseskötet');
Insert into MUFAJ (ID,MUFAJ_NEV) values ('3','Novella');
Insert into MUFAJ (ID,MUFAJ_NEV) values ('4','Kisregény');
Insert into MUFAJ (ID,MUFAJ_NEV) values ('5','Útikönyv');
Insert into MUFAJ (ID,MUFAJ_NEV) values ('6','Ismeretterjesztő');
REM INSERTING into SZEREZ
SET DEFINE OFF;
Insert into SZEREZ (ISBN,ID) values ('98765432123','41');
Insert into SZEREZ (ISBN,ID) values ('98765432123','42');
Insert into SZEREZ (ISBN,ID) values ('987654321234','41');
Insert into SZEREZ (ISBN,ID) values ('987654321234','42');
Insert into SZEREZ (ISBN,ID) values ('9789635983391','61');
Insert into SZEREZ (ISBN,ID) values ('1122334455','63');
Insert into SZEREZ (ISBN,ID) values ('1122334455','64');
Insert into SZEREZ (ISBN,ID) values ('54321987619','43');
Insert into SZEREZ (ISBN,ID) values ('345678912','43');
Insert into SZEREZ (ISBN,ID) values ('987654321','41');
Insert into SZEREZ (ISBN,ID) values ('987654321','42');
Insert into SZEREZ (ISBN,ID) values ('9786150196343','30');
Insert into SZEREZ (ISBN,ID) values ('731299777','44');
Insert into SZEREZ (ISBN,ID) values ('731299777','45');
Insert into SZEREZ (ISBN,ID) values ('9786155385674','62');
REM INSERTING into SZERZO
SET DEFINE OFF;
Insert into SZERZO (ID,NEV) values ('61','Suzanne Collins');
Insert into SZERZO (ID,NEV) values ('64','Nemén is');
Insert into SZERZO (ID,NEV) values ('43','Szerző Tesztelo');
Insert into SZERZO (ID,NEV) values ('63','Ujszerzo vagyok én');
Insert into SZERZO (ID,NEV) values ('1','Isaac Asimov');
Insert into SZERZO (ID,NEV) values ('2','J.R.R. Tolkien');
Insert into SZERZO (ID,NEV) values ('3','Agatha Christie');
Insert into SZERZO (ID,NEV) values ('4','Yuval Noah Harari');
Insert into SZERZO (ID,NEV) values ('5','Milan Kundera');
Insert into SZERZO (ID,NEV) values ('41','Valami Szerző');
Insert into SZERZO (ID,NEV) values ('42','VoltittSpace Név');
Insert into SZERZO (ID,NEV) values ('30','Diana Hunt');
Insert into SZERZO (ID,NEV) values ('44','Laura Dodsworth');
Insert into SZERZO (ID,NEV) values ('45','Patrick Fagan');
Insert into SZERZO (ID,NEV) values ('62','Gárdonyi Géza');
Insert into SZERZO (ID,NEV) values ('81','A');
Insert into SZERZO (ID,NEV) values ('82','B');
Insert into SZERZO (ID,NEV) values ('83','C');
REM INSERTING into VAN
SET DEFINE OFF;
Insert into VAN (ISBN,ID,KESZLET) values ('978-963-419-865-5','5','3');
Insert into VAN (ISBN,ID,KESZLET) values ('978-963-419-865-5','1','10');
Insert into VAN (ISBN,ID,KESZLET) values ('978-963-419-865-5','4','1');
Insert into VAN (ISBN,ID,KESZLET) values ('978-963-999-882-4','1','4');
Insert into VAN (ISBN,ID,KESZLET) values ('978-963-999-882-4','4','21');
REM INSERTING into VASARLAS
SET DEFINE OFF;
Insert into VASARLAS (ID,DATUM,OSSZEG,SZALLITASI_CIM,FELHASZNALO) values ('1',to_date('24-DEC.  -14','RR-MON-DD'),'4500','1235 Budapest, Petőfi utca 5.','mariaszabo');
Insert into VASARLAS (ID,DATUM,OSSZEG,SZALLITASI_CIM,FELHASZNALO) values ('2',to_date('24-DEC.  -01','RR-MON-DD'),'9900','1234 Budapest, Kossuth utca 10.','janoskovacs');
Insert into VASARLAS (ID,DATUM,OSSZEG,SZALLITASI_CIM,FELHASZNALO) values ('3',to_date('25-JAN.  -06','RR-MON-DD'),'3990','1111 Budapest, Duna utca 3.','peterhorvath');
Insert into VASARLAS (ID,DATUM,OSSZEG,SZALLITASI_CIM,FELHASZNALO) values ('4',to_date('25-FEBR. -10','RR-MON-DD'),'5500','1088 Budapest, Nagykörút 1.','gaborkiss');
Insert into VASARLAS (ID,DATUM,OSSZEG,SZALLITASI_CIM,FELHASZNALO) values ('5',to_date('25-MÁRC. -10','RR-MON-DD'),'4200','1094 Budapest, Fő tér 5.','annafarkas');
REM INSERTING into VASAROL
SET DEFINE OFF;
Insert into VASAROL (ID,ISBN) values ('1','978-963-419-865-5');
Insert into VASAROL (ID,ISBN) values ('2','978-963-999-882-4');
Insert into VASAROL (ID,ISBN) values ('3','978-963-504-391-6');
Insert into VASAROL (ID,ISBN) values ('4','978-963-136-616-6');
Insert into VASAROL (ID,ISBN) values ('5','978-963-405-987-6');
--------------------------------------------------------
--  DDL for Index PK_ALMUFAJA
--------------------------------------------------------

  CREATE UNIQUE INDEX "PK_ALMUFAJA" ON "ALMUFAJA" ("ISBN", "ID") 
  PCTFREE 10 INITRANS 2 MAXTRANS 255 COMPUTE STATISTICS 
  STORAGE(INITIAL 65536 NEXT 1048576 MINEXTENTS 1 MAXEXTENTS 2147483645
  PCTINCREASE 0 FREELISTS 1 FREELIST GROUPS 1
  BUFFER_POOL DEFAULT FLASH_CACHE DEFAULT CELL_FLASH_CACHE DEFAULT)
  TABLESPACE "USERS" ;
--------------------------------------------------------
--  Constraints for Table SZEREZ
--------------------------------------------------------

  ALTER TABLE "SZEREZ" MODIFY ("ISBN" NOT NULL ENABLE);
  ALTER TABLE "SZEREZ" MODIFY ("ID" NOT NULL ENABLE);
--------------------------------------------------------
--  Constraints for Table KIADO
--------------------------------------------------------

  ALTER TABLE "KIADO" MODIFY ("NEV" NOT NULL ENABLE);
  ALTER TABLE "KIADO" MODIFY ("SZEKHELY" NOT NULL ENABLE);
  ALTER TABLE "KIADO" ADD PRIMARY KEY ("ADOSZAM")
  USING INDEX PCTFREE 10 INITRANS 2 MAXTRANS 255 COMPUTE STATISTICS 
  STORAGE(INITIAL 65536 NEXT 1048576 MINEXTENTS 1 MAXEXTENTS 2147483645
  PCTINCREASE 0 FREELISTS 1 FREELIST GROUPS 1
  BUFFER_POOL DEFAULT FLASH_CACHE DEFAULT CELL_FLASH_CACHE DEFAULT)
  TABLESPACE "USERS"  ENABLE;
--------------------------------------------------------
--  Constraints for Table ALMUFAJ
--------------------------------------------------------

  ALTER TABLE "ALMUFAJ" MODIFY ("ID" NOT NULL ENABLE);
  ALTER TABLE "ALMUFAJ" MODIFY ("ALMUFAJ_NEV" NOT NULL ENABLE);
  ALTER TABLE "ALMUFAJ" ADD PRIMARY KEY ("ID")
  USING INDEX PCTFREE 10 INITRANS 2 MAXTRANS 255 COMPUTE STATISTICS 
  STORAGE(INITIAL 65536 NEXT 1048576 MINEXTENTS 1 MAXEXTENTS 2147483645
  PCTINCREASE 0 FREELISTS 1 FREELIST GROUPS 1
  BUFFER_POOL DEFAULT FLASH_CACHE DEFAULT CELL_FLASH_CACHE DEFAULT)
  TABLESPACE "USERS"  ENABLE;
--------------------------------------------------------
--  Constraints for Table VAN
--------------------------------------------------------

  ALTER TABLE "VAN" MODIFY ("ISBN" NOT NULL ENABLE);
--------------------------------------------------------
--  Constraints for Table VASARLAS
--------------------------------------------------------

  ALTER TABLE "VASARLAS" MODIFY ("ID" NOT NULL ENABLE);
  ALTER TABLE "VASARLAS" MODIFY ("DATUM" NOT NULL ENABLE);
  ALTER TABLE "VASARLAS" MODIFY ("OSSZEG" NOT NULL ENABLE);
  ALTER TABLE "VASARLAS" MODIFY ("SZALLITASI_CIM" NOT NULL ENABLE);
  ALTER TABLE "VASARLAS" ADD PRIMARY KEY ("ID")
  USING INDEX PCTFREE 10 INITRANS 2 MAXTRANS 255 COMPUTE STATISTICS 
  STORAGE(INITIAL 65536 NEXT 1048576 MINEXTENTS 1 MAXEXTENTS 2147483645
  PCTINCREASE 0 FREELISTS 1 FREELIST GROUPS 1
  BUFFER_POOL DEFAULT FLASH_CACHE DEFAULT CELL_FLASH_CACHE DEFAULT)
  TABLESPACE "USERS"  ENABLE;
--------------------------------------------------------
--  Constraints for Table VASAROL
--------------------------------------------------------

  ALTER TABLE "VASAROL" MODIFY ("ID" NOT NULL ENABLE);
  ALTER TABLE "VASAROL" MODIFY ("ISBN" NOT NULL ENABLE);
--------------------------------------------------------
--  Constraints for Table MUFAJ
--------------------------------------------------------

  ALTER TABLE "MUFAJ" MODIFY ("ID" NOT NULL ENABLE);
  ALTER TABLE "MUFAJ" MODIFY ("MUFAJ_NEV" NOT NULL ENABLE);
  ALTER TABLE "MUFAJ" ADD PRIMARY KEY ("ID")
  USING INDEX PCTFREE 10 INITRANS 2 MAXTRANS 255 COMPUTE STATISTICS 
  STORAGE(INITIAL 65536 NEXT 1048576 MINEXTENTS 1 MAXEXTENTS 2147483645
  PCTINCREASE 0 FREELISTS 1 FREELIST GROUPS 1
  BUFFER_POOL DEFAULT FLASH_CACHE DEFAULT CELL_FLASH_CACHE DEFAULT)
  TABLESPACE "USERS"  ENABLE;
--------------------------------------------------------
--  Constraints for Table ARUHAZ
--------------------------------------------------------

  ALTER TABLE "ARUHAZ" MODIFY ("ID" NOT NULL ENABLE);
  ALTER TABLE "ARUHAZ" ADD PRIMARY KEY ("ID")
  USING INDEX PCTFREE 10 INITRANS 2 MAXTRANS 255 COMPUTE STATISTICS 
  STORAGE(INITIAL 65536 NEXT 1048576 MINEXTENTS 1 MAXEXTENTS 2147483645
  PCTINCREASE 0 FREELISTS 1 FREELIST GROUPS 1
  BUFFER_POOL DEFAULT FLASH_CACHE DEFAULT CELL_FLASH_CACHE DEFAULT)
  TABLESPACE "USERS"  ENABLE;
--------------------------------------------------------
--  Constraints for Table KONYV
--------------------------------------------------------

  ALTER TABLE "KONYV" MODIFY ("KIADAS" NOT NULL ENABLE);
  ALTER TABLE "KONYV" MODIFY ("CIM" NOT NULL ENABLE);
  ALTER TABLE "KONYV" MODIFY ("OLDALAK_SZAMA" NOT NULL ENABLE);
  ALTER TABLE "KONYV" MODIFY ("AR" NOT NULL ENABLE);
  ALTER TABLE "KONYV" ADD PRIMARY KEY ("ISBN")
  USING INDEX PCTFREE 10 INITRANS 2 MAXTRANS 255 COMPUTE STATISTICS 
  STORAGE(INITIAL 65536 NEXT 1048576 MINEXTENTS 1 MAXEXTENTS 2147483645
  PCTINCREASE 0 FREELISTS 1 FREELIST GROUPS 1
  BUFFER_POOL DEFAULT FLASH_CACHE DEFAULT CELL_FLASH_CACHE DEFAULT)
  TABLESPACE "USERS"  ENABLE;
--------------------------------------------------------
--  Constraints for Table SZERZO
--------------------------------------------------------

  ALTER TABLE "SZERZO" MODIFY ("ID" NOT NULL ENABLE);
  ALTER TABLE "SZERZO" MODIFY ("NEV" NOT NULL ENABLE);
  ALTER TABLE "SZERZO" ADD PRIMARY KEY ("ID")
  USING INDEX PCTFREE 10 INITRANS 2 MAXTRANS 255 COMPUTE STATISTICS 
  STORAGE(INITIAL 65536 NEXT 1048576 MINEXTENTS 1 MAXEXTENTS 2147483645
  PCTINCREASE 0 FREELISTS 1 FREELIST GROUPS 1
  BUFFER_POOL DEFAULT FLASH_CACHE DEFAULT CELL_FLASH_CACHE DEFAULT)
  TABLESPACE "USERS"  ENABLE;
--------------------------------------------------------
--  Constraints for Table ALMUFAJA
--------------------------------------------------------

  ALTER TABLE "ALMUFAJA" ADD CONSTRAINT "PK_ALMUFAJA" PRIMARY KEY ("ISBN", "ID")
  USING INDEX PCTFREE 10 INITRANS 2 MAXTRANS 255 COMPUTE STATISTICS 
  STORAGE(INITIAL 65536 NEXT 1048576 MINEXTENTS 1 MAXEXTENTS 2147483645
  PCTINCREASE 0 FREELISTS 1 FREELIST GROUPS 1
  BUFFER_POOL DEFAULT FLASH_CACHE DEFAULT CELL_FLASH_CACHE DEFAULT)
  TABLESPACE "USERS"  ENABLE;
--------------------------------------------------------
--  Constraints for Table FELHASZNALO
--------------------------------------------------------

  ALTER TABLE "FELHASZNALO" ADD CHECK (Szerepkor IN ('felhasznalo', 'admin', 'uzletvezeto', 'vendeg')) ENABLE;
  ALTER TABLE "FELHASZNALO" ADD CHECK (Torzsvasarlo IN ('I', 'N')) ENABLE;
  ALTER TABLE "FELHASZNALO" ADD PRIMARY KEY ("FELHASZNALONEV")
  USING INDEX PCTFREE 10 INITRANS 2 MAXTRANS 255 COMPUTE STATISTICS 
  STORAGE(INITIAL 65536 NEXT 1048576 MINEXTENTS 1 MAXEXTENTS 2147483645
  PCTINCREASE 0 FREELISTS 1 FREELIST GROUPS 1
  BUFFER_POOL DEFAULT FLASH_CACHE DEFAULT CELL_FLASH_CACHE DEFAULT)
  TABLESPACE "USERS"  ENABLE;
--------------------------------------------------------
--  Ref Constraints for Table ALMUFAJA
--------------------------------------------------------

  ALTER TABLE "ALMUFAJA" ADD CONSTRAINT "FK_ALMUFAJA_ALMUFAJ" FOREIGN KEY ("ID")
	  REFERENCES "ALMUFAJ" ("ID") ON DELETE CASCADE ENABLE;
  ALTER TABLE "ALMUFAJA" ADD CONSTRAINT "FK_ALMUFAJA_KONYV" FOREIGN KEY ("ISBN")
	  REFERENCES "KONYV" ("ISBN") ON DELETE CASCADE ENABLE;
--------------------------------------------------------
--  Ref Constraints for Table ARUHAZ
--------------------------------------------------------

  ALTER TABLE "ARUHAZ" ADD CONSTRAINT "FK_ARUHAZ_FELHASZNALO" FOREIGN KEY ("FELHASZNALO")
	  REFERENCES "FELHASZNALO" ("FELHASZNALONEV") ON DELETE SET NULL ENABLE;
--------------------------------------------------------
--  Ref Constraints for Table KONYV
--------------------------------------------------------

  ALTER TABLE "KONYV" ADD CONSTRAINT "FK_KONYV_KIADO" FOREIGN KEY ("ADOSZAM")
	  REFERENCES "KIADO" ("ADOSZAM") ON DELETE CASCADE ENABLE;
  ALTER TABLE "KONYV" ADD CONSTRAINT "FK_KONYV_MUFAJ" FOREIGN KEY ("ID")
	  REFERENCES "MUFAJ" ("ID") ON DELETE SET NULL ENABLE;
--------------------------------------------------------
--  Ref Constraints for Table SZEREZ
--------------------------------------------------------

  ALTER TABLE "SZEREZ" ADD CONSTRAINT "FK_SZEREZ_KONYV" FOREIGN KEY ("ISBN")
	  REFERENCES "KONYV" ("ISBN") ON DELETE CASCADE ENABLE;
  ALTER TABLE "SZEREZ" ADD CONSTRAINT "FK_SZEREZ_SZERZO" FOREIGN KEY ("ID")
	  REFERENCES "SZERZO" ("ID") ON DELETE CASCADE ENABLE;
--------------------------------------------------------
--  Ref Constraints for Table VAN
--------------------------------------------------------

  ALTER TABLE "VAN" ADD CONSTRAINT "FK_VAN_ARUHAZ" FOREIGN KEY ("ID")
	  REFERENCES "ARUHAZ" ("ID") ON DELETE CASCADE ENABLE;
  ALTER TABLE "VAN" ADD CONSTRAINT "FK_VAN_KONYV" FOREIGN KEY ("ISBN")
	  REFERENCES "KONYV" ("ISBN") ON DELETE CASCADE ENABLE;
--------------------------------------------------------
--  Ref Constraints for Table VASARLAS
--------------------------------------------------------

  ALTER TABLE "VASARLAS" ADD CONSTRAINT "FK_VASARLAS_FELHASZNALO" FOREIGN KEY ("FELHASZNALO")
	  REFERENCES "FELHASZNALO" ("FELHASZNALONEV") ON DELETE CASCADE ENABLE;
--------------------------------------------------------
--  Ref Constraints for Table VASAROL
--------------------------------------------------------

  ALTER TABLE "VASAROL" ADD CONSTRAINT "FK_VASAROL_KONYV" FOREIGN KEY ("ISBN")
	  REFERENCES "KONYV" ("ISBN") ON DELETE SET NULL ENABLE;
  ALTER TABLE "VASAROL" ADD CONSTRAINT "FK_VASAROL_VASARLAS" FOREIGN KEY ("ID")
	  REFERENCES "VASARLAS" ("ID") ON DELETE CASCADE ENABLE;
